{"polarity": [0.099326567071002236, 0.23431200181515657], "positivity": [0.32180757268086746, 0.41593730545244689], "moods": {"imperative": 10.5, "conditional": 8.875, "indicative": 79.125, "subjunctive": 1.625}, "subjectivity": [0.71429775523137806, 0.30280870791219761], "modality": [0.63693296237680008, 0.31610513279704838], "wordPerSentence": [21.110153204550478, 10.736341028300838]}