{"polarity": [-0.017246932594154822, 0.048471989929093677], "positivity": [0.20322886989553657, 0.10926758337894146], "moods": {"imperative": 4.222222222222222, "conditional": 11.666666666666666, "indicative": 84.11111111111111, "subjunctive": 0}, "subjectivity": [0.8021523229856562, 0.070276376624053949], "modality": [0.41523651245873472, 0.059243695115196657], "wordPerSentence": [17.039886039886042, 2.1221833104672609]}