{"polarity": [0.072345564587779021, 0.21539684857274433], "positivity": [0.32589706553002712, 0.45048111880257879], "moods": {"imperative": 3.375, "conditional": 10.625, "indicative": 84.75, "subjunctive": 1.125}, "subjectivity": [0.69091702782477227, 0.2986106859055831], "modality": [0.66145005146144775, 0.3106512691299072], "wordPerSentence": [23.149126015047756, 11.584209880484682]}