{"polarity": [0.076359798970093096, 0.23135322947446385], "positivity": [0.25996732026143793, 0.41386075453202376], "moods": {"imperative": 1.6666666666666667, "conditional": 9.88888888888889, "indicative": 87.44444444444444, "subjunctive": 1.1111111111111112}, "subjectivity": [0.74640145424050652, 0.27653374080946763], "modality": [0.64396061454884979, 0.2982211526835204], "wordPerSentence": [19.780882352941177, 9.816246866211543]}