{"polarity": [0.092244651483781914, 0.17043253191795713], "positivity": [0.18219461697722564, 0.29695428727206474], "moods": {"imperative": 1.3333333333333333, "conditional": 26.333333333333332, "indicative": 70.66666666666667, "subjunctive": 1.3333333333333333}, "subjectivity": [0.84805037957211871, 0.21572730358383044], "modality": [0.75986887508626655, 0.20430612061062944], "wordPerSentence": [19.354037267080745, 10.593764096314679]}