{"polarity": [0.05940469422281526, 0.13255013988334766], "positivity": [0.27441046638090977, 0.33422683888170307], "moods": {"imperative": 3.5714285714285716, "conditional": 32.0, "indicative": 64.28571428571429, "subjunctive": 0}, "subjectivity": [0.79898820725857134, 0.19519219033039695], "modality": [0.57728535887767751, 0.20116211638945813], "wordPerSentence": [25.946320133068902, 10.836166433568113]}