{"polarity": [0.083365103324063147, 0.21720361046901346], "positivity": [0.32883381324557798, 0.45270756549479413], "moods": {"imperative": 3.5, "conditional": 18.4, "indicative": 76.0, "subjunctive": 2.1}, "subjectivity": [0.71307485072486809, 0.30195454557768275], "modality": [0.54180084083031987, 0.33852398410604467], "wordPerSentence": [23.058498080351022, 11.791694156542501]}