{"polarity": [0.062547741546193816, 0.17452636190313128], "positivity": [0.28340771136470061, 0.41312960936658882], "moods": {"imperative": 1.6666666666666667, "conditional": 20.444444444444443, "indicative": 77.33333333333333, "subjunctive": 0.5555555555555556}, "subjectivity": [0.70399392327891019, 0.30477021713839042], "modality": [0.63983869182454145, 0.3026855263008843], "wordPerSentence": [25.456781887964684, 14.74221775899327]}