{"polarity": [0.046182741682312664, 0.19446469463566701], "positivity": [0.2444755831779834, 0.41263671738603369], "moods": {"imperative": 2.0, "conditional": 20.5, "indicative": 76.8, "subjunctive": 0.8}, "subjectivity": [0.7369888163582643, 0.28245494314417174], "modality": [0.59343495502863697, 0.33071896326451161], "wordPerSentence": [23.526285108637232, 12.250938396327218]}