{"polarity": [0.095866027884394328, 0.12872010080449137], "positivity": [0.32193064288652523, 0.2879613382565922], "moods": {"imperative": 1.75, "conditional": 11.375, "indicative": 86.125, "subjunctive": 0.75}, "subjectivity": [0.71685991202868149, 0.17740357241093477], "modality": [0.68234615166947865, 0.22587909585195781], "wordPerSentence": [23.644446709336414, 8.8044009370445373]}