{"polarity": [0.09748825361655894, 0.23895290192560922], "positivity": [0.35149495137941011, 0.44988049601131241], "moods": {"imperative": 1.9, "conditional": 14.6, "indicative": 82.9, "subjunctive": 0.6}, "subjectivity": [0.71620285622058844, 0.28130646564439876], "modality": [0.63257628204872751, 0.30244609984672505], "wordPerSentence": [27.233507130696587, 11.295268888215308]}