{"polarity": [0.058964746170226082, 0.1535259376157207], "positivity": [0.29163099827546501, 0.34136822465869965], "moods": {"imperative": 7.4, "conditional": 7.9, "indicative": 84.7, "subjunctive": 0}, "subjectivity": [0.64265074378986775, 0.24880196778278468], "modality": [0.66605863958582445, 0.24471978179804549], "wordPerSentence": [29.560288405237788, 10.047193618986089]}