{"polarity": [0.02297380511560564, 0.20736695188649273], "positivity": [0.2529366537652239, 0.42588814656586893], "moods": {"imperative": 3.1, "conditional": 25.5, "indicative": 71.1, "subjunctive": 0.3}, "subjectivity": [0.69049514055888117, 0.28967214231677879], "modality": [0.61452492923469348, 0.26173275175980165], "wordPerSentence": [26.636433419674983, 10.995345119233884]}