{"polarity": [0.058891515197033041, 0.19712934254128997], "positivity": [0.30827639602452639, 0.42249032064907482], "moods": {"imperative": 2.9, "conditional": 19.0, "indicative": 75.9, "subjunctive": 2.4}, "subjectivity": [0.71486630498115977, 0.24219828367999555], "modality": [0.54904675095696975, 0.31804633454759867], "wordPerSentence": [26.410613540049731, 11.336372172123367]}