{"polarity": [0.014112328604574667, 0.18801227801423642], "positivity": [0.24218061456678991, 0.41318149339829419], "moods": {"imperative": 2.625, "conditional": 18.625, "indicative": 78.625, "subjunctive": 0.25}, "subjectivity": [0.74900317988350329, 0.26152506531451131], "modality": [0.58313822467914467, 0.30105583815060205], "wordPerSentence": [25.896347331815456, 12.961337592781621]}