{"polarity": [0.082943855218855209, 0.14735048334350789], "positivity": [0.38, 0.43350470766752797], "moods": {"imperative": 2.0, "conditional": 13.7, "indicative": 82.7, "subjunctive": 1.7}, "subjectivity": [0.75278338513338516, 0.2203743707370486], "modality": [0.72336904761904752, 0.2290329924740723], "wordPerSentence": [22.696666666666665, 9.185951052097213]}