{"polarity": [-0.038470183706592942, 0.12614196355471674], "positivity": [0.18303785295917477, 0.25918193262470229], "moods": {"imperative": 1.6666666666666667, "conditional": 10.11111111111111, "indicative": 87.33333333333333, "subjunctive": 0.5555555555555556}, "subjectivity": [0.66638807796907362, 0.1754453992822082], "modality": [0.54752772434581376, 0.21116684363711219], "wordPerSentence": [22.008873868504075, 7.4049735565168113]}