{"polarity": [0.16479339908074084, 0.12612873035929748], "positivity": [0.58008533654378147, 0.23372369292005529], "moods": {"imperative": 14.0, "conditional": 11.2, "indicative": 74.2, "subjunctive": 0.7}, "subjectivity": [0.59062481385996823, 0.18507578344265255], "modality": [0.70060420513693411, 0.18260000721161954], "wordPerSentence": [21.355707471521288, 5.5544745063998482]}