{"polarity": [0.025266186636204748, 0.22675624127511892], "positivity": [0.2694416964344501, 0.43255815892664767], "moods": {"imperative": 2.0, "conditional": 23.166666666666668, "indicative": 75.0, "subjunctive": 0}, "subjectivity": [0.65875282286413528, 0.29094632523009095], "modality": [0.52089258082577827, 0.3721292573905402], "wordPerSentence": [28.886852125257917, 11.501510272285124]}