{"polarity": [0.043252175636434895, 0.19904795482351151], "positivity": [0.26243386243386246, 0.30246661471527769], "moods": {"imperative": 2.2222222222222223, "conditional": 17.666666666666668, "indicative": 80.11111111111111, "subjunctive": 0}, "subjectivity": [0.64799400530882023, 0.29118580004971384], "modality": [0.67026346467318687, 0.23927813314176635], "wordPerSentence": [24.826455026455029, 7.7106527743078415]}