{"polarity": [0.085317276391380342, 0.158796118053292], "positivity": [0.23236515358058302, 0.34688362887402557], "moods": {"imperative": 1.6666666666666667, "conditional": 22.11111111111111, "indicative": 76.0, "subjunctive": 0.2222222222222222}, "subjectivity": [0.82331164098153831, 0.22720006049849939], "modality": [0.70453910103485839, 0.26113149340061315], "wordPerSentence": [19.723983265104078, 7.5255617606554877]}