{"polarity": [0.056454190897092818, 0.17290282871265741], "positivity": [0.30213713489575561, 0.43696664608909375], "moods": {"imperative": 3.2, "conditional": 21.6, "indicative": 75.2, "subjunctive": 0}, "subjectivity": [0.80336092613992316, 0.22371388755894289], "modality": [0.75872415275934857, 0.24129185093689504], "wordPerSentence": [18.099803453251731, 9.6400563506442758]}