{"polarity": [0.073588675815266374, 0.19417618102249029], "positivity": [0.31813910457477002, 0.36007753158901662], "moods": {"imperative": 2.7, "conditional": 13.3, "indicative": 82.1, "subjunctive": 1.8}, "subjectivity": [0.69975232755369077, 0.22917600444919456], "modality": [0.6407244659230924, 0.27449924020254846], "wordPerSentence": [24.725348207299213, 10.340163948664054]}