{"polarity": [0.039486560199060196, 0.1498067680705138], "positivity": [0.27049707602339179, 0.33365474441587406], "moods": {"imperative": 2.7, "conditional": 34.2, "indicative": 62.0, "subjunctive": 1.1}, "subjectivity": [0.66833425275991076, 0.28056008310935859], "modality": [0.66214567326786911, 0.25421868563477357], "wordPerSentence": [30.99624686716793, 22.313241270083545]}