{"polarity": [0.0916062919644791, 0.14155869010456357], "positivity": [0.31380766731643928, 0.38130136464965841], "moods": {"imperative": 6.666666666666667, "conditional": 21.77777777777778, "indicative": 71.66666666666667, "subjunctive": 0}, "subjectivity": [0.81166679075518, 0.20561345071201853], "modality": [0.71869280911313072, 0.22211057088781413], "wordPerSentence": [20.672709551656922, 9.6819673061352702]}