{"polarity": [0.1554808024219789, 0.17832799898444424], "positivity": [0.3354808590102708, 0.3061522813283703], "moods": {"imperative": 15.857142857142858, "conditional": 27.714285714285715, "indicative": 56.42857142857143, "subjunctive": 0}, "subjectivity": [0.73624284865461331, 0.22264593975674091], "modality": [0.68136298419911867, 0.17819119422747276], "wordPerSentence": [19.873482726423905, 6.4217178003875626]}