{"polarity": [0.13231871110371113, 0.19170220888318332], "positivity": [0.39888278388278386, 0.4320835211975963], "moods": {"imperative": 5.3, "conditional": 22.1, "indicative": 71.0, "subjunctive": 1.6}, "subjectivity": [0.68700260073260067, 0.25397852707757518], "modality": [0.62123850950636661, 0.30528478134543113], "wordPerSentence": [24.841424908424909, 8.606348680160453]}