{"polarity": [0.12128552938887742, 0.2354643947440192], "positivity": [0.41037050023375404, 0.47890058944691771], "moods": {"imperative": 3.8, "conditional": 32.5, "indicative": 63.4, "subjunctive": 0.3}, "subjectivity": [0.67623108270912591, 0.25362764992979764], "modality": [0.58008528019709282, 0.31332531575901723], "wordPerSentence": [29.040528019061764, 12.23076199203183]}